xsid,bed level,depth,b,n
1,0,1,100,0.00001
2,0,1,100,0.00001
3,0,1,100,0.00001
4,0,1,100,0.00001
5,0,1,100,0.00001
6,0,1,100,0.00001
7,0,1,100,0.00001
8,0,1,100,0.00001
9,0,1,100,0.00001
10,0,1,100,0.00001
11,0,1,100,0.00001
12,0,1,100,0.00001
13,0,1,100,0.00001
14,0,1,100,0.00001
15,0,1,100,0.00001
16,0,1,100,0.00001
17,0,1,100,0.00001
18,0,1,100,0.00001
19,0,1,100,0.00001
20,0,1,100,0.00001
